{
"parent":"item/weapon/main/sg/base",
"display":{
"head":{
"translation":[0.0,41.0,0.0],
"scale":[1.0,1.0,1.0],
"rotation":[-1.0,0.0,0.0]
},
"firstperson_righthand":{
"translation":[-2.5,22.756666666666668,-5.416666666666667],
"scale":[2.0,2.0,1.6566666666666667],
"rotation":[0.6666666666666667,0.0,2.0]
},
"thirdperson_righthand":{
"translation":[0.0,6.5,-3.0],
"scale":[0.85,0.85,0.85]
},
"gui":{
"translation":[0.5,6.5,0.0],
"scale":[1.0,1.0,1.0],
"rotation":[20.0,147.0,0.0]
},
"thirdperson_lefthand":{
"translation":[0.0,6.5,-3.0],
"scale":[0.85,0.85,0.85]
}
},
"adjusted":true
}