{
"parent":"item/weapon/main/sg/base",
"display":{
"head":{
"rotation":[-1,0,0],
"translation":[0,41,0]
},
"firstperson_righthand":{
"translation":[-9,25.57,1.25],
"scale":[2,2,0.97]
},
"thirdperson_lefthand":{
"translation":[0,6.5,-3],
"scale":[0.85,0.85,0.85]
},
"thirdperson_righthand":{
"translation":[0,6.5,-3],
"scale":[0.85,0.85,0.85]
},
"gui":{
"rotation":[20,147,0],
"translation":[0.5,6.5,0]
}
},
"adjusted":true,
"groups":[{
"color":0,"children":[{
"color":0,"children":[],
"origin":[8.05427,-0.77208,16.77177],
"name":"group"
}],
"origin":[7.5,0,7.536],
"name":"총열"
},
{
"color":0,
"children":[0,1,2,3,4,5,6,7,8,{
"color":0,"children":[],
"origin":[8,25.04224,8],
"name":"group"
},
9,
10,
11,
12,
13,
14,
15,
16,
17,
18,
19,
20,
21,
22,
23,
{
"color":0,
"children":[24,25,26,27],
"origin":[11.11945,0.84555,-4.63456],
"name":"group"
},
28,
29,
30,
31,
32,
33,
34,
35,
36,
37,
{
"color":0,
"children":[],
"origin":[7.55427,0.8426,10.77177],
"name":"group"
},
38,
39,
40,
{
"color":0,
"children":[],
"origin":[6.22727,12.42572,-2.13456],
"name":"group"
},
41,
42,
43,
44,
45,
46,
47,
48,
49,
50,
51,
{
"color":0,
"children":[52,53],
"origin":[9.05427,-6.43608,10.77177],
"name":"group"
},
54,
55,
56,
{
"color":0,
"children":[57,58,59],
"origin":[8.55427,-5.60008,10.77177],
"name":"group"
},
60,
61,
62,
63,
64,
65,
66,
67,
68,
69,
70,
71,
72,
73,
74],
"origin":[6.5,-3,-5],
"name":"몸체"
},
{
"color":0,
"children":[{
"color":0,"children":[75,76,77,78,79,80,81,82,83],
"origin":[8.04622,-0.77208,10.77177],
"name":"group"
}],
"origin":[6.34462,19.23254,-25.5],
"name":"group"
},
{
"color":0,
"children":[],
"origin":[7.5,7.13631,-3.38343],
"name":"group"
}]
}