{
"parent":"item/weapon/main/ar/base",
"display":{
"head":{
"translation":[0.0,5.75,0.0]
},
"firstperson_righthand":{
"rotation":[16.666666666666664,5.833333333333333,22.166666666666664],
"translation":[-4.25,15.016666666666666,-3.75],
"scale":[2.0,2.0,2.0]
},
"thirdperson_lefthand":{
"rotation":[0.0,-180.0,0.0],
"translation":[0.0,3.75,0.25],
"scale":[0.7,0.7,0.7]
},
"thirdperson_righthand":{
"translation":[0.0,3.5,-0.75],
"scale":[0.7,0.7,0.7]
},
"gui":{
"rotation":[18.0,142.0,0.0],
"translation":[-1.0,3.25,0.0],
"scale":[0.7,0.7,0.7]
}
},
"adjusted":true
}