{
"parent":"item/weapon/ult/lmg/pull",
"display":{
"head":{
"rotation":[-1,0,0],
"translation":[0,41,0]
},
"firstperson_righthand":{
"translation":[-9.05,20.0,-2.5],
"scale":[2,2,1.1]
},
"thirdperson_lefthand":{
"translation":[0,4,-1.25],
"scale":[0.7,0.7,0.7]
},
"firstperson_lefthand":{
"translation":[6.25,15.5,0],
"scale":[2,2,2]
},
"thirdperson_righthand":{
"translation":[0,4,-1.25],
"scale":[0.7,0.7,0.7]
},
"ground":{
"translation":[0,7.25,0]
},
"gui":{
"rotation":[18,148,0],
"translation":[1.5,3.75,0],
"scale":[0.7,0.7,0.7]
}
},
"adjusted":true,
"groups":[{
"color":0,"children":[{
"color":0,"children":[{
"color":0,"children":[{
"color":0,"children":[],
"origin":[8.05427,-0.77208,16.77177],
"name":"group"
}],
"origin":[7.5,0,7.536],
"name":"총열"
},
{
"color":0,
"children":[{
"color":0,"children":[],
"origin":[8,18,-17],
"name":"group"
}],
"origin":[8,12.5,42.5],
"name":"group"
},
{
"color":0,
"children":[0,1,2,3,4,5,6,7,8,{
"color":0,"children":[],
"origin":[8,25.04224,8],
"name":"group"
},
9,
10,
11,
12,
13,
14,
15,
16,
17,
18,
19,
20,
21,
22,
23,
24,
25,
26,
27,
28,
29,
30,
31,
32,
33,
34,
35,
36,
37,
38,
39,
40,
41,
42,
43,
44,
45,
46,
47,
48,
49,
50,
51,
52,
{
"color":0,
"children":[53,54,55,56],
"origin":[8,9.61478,4.98162],
"name":"group"
},
57,
58,
{
"color":0,
"children":[59,60,61],
"origin":[-1.004,10.86478,32.89829],
"name":"group"
},
62,
63,
64,
65,
66,
67,
68,
69,
70,
71,
72,
73,
74,
75,
76,
77,
78,
79,
80,
81,
82,
83,
84,
{
"color":0,
"children":[85,86,87,88,89,90,91,92,93,94,95,96,97,98,99],
"origin":[11.58949,14.8364,29.86544],
"name":"group"
},
100,
101,
102,
103,
{
"color":0,
"children":[104,105,106,107],
"origin":[0.33819,13.07717,1.82144],
"name":"group"
},
108,
109,
110,
111,
112,
{
"color":0,
"children":[],
"origin":[6.22727,12.42572,-2.13456],
"name":"group"
},
113,
114,
115,
116,
117,
118,
119,
120],
"origin":[6.5,-3,-5],
"name":"몸체"
}],
"origin":[8,8,8],
"name":"group"
}],
"origin":[6.34462,19.23254,-25.5],
"name":"group"
}]
}