{
	"credit": "Made with Blockbench",
	"texture_size": [256, 256],
	"textures": {
		"1": "custom/props/props_00",
		"particle": "custom/props/props_00"
	},
	"elements": [
		{
			"from": [0.17467, 0, 4.83333],
			"to": [9.17467, 11, 13.83333],
			"rotation": {"angle": 0, "axis": "y", "origin": [-14.31733, 5, -9.58267]},
			"faces": {
				"north": {"uv": [9, 0, 9.5625, 0.6875], "texture": "#1"},
				"east": {"uv": [5.625, 9, 6.1875, 9.6875], "texture": "#1"},
				"south": {"uv": [9.0625, 5.5, 9.625, 6.1875], "texture": "#1"},
				"west": {"uv": [6.75, 9.0625, 7.3125, 9.75], "texture": "#1"},
				"up": {"uv": [4.125, 10.25, 3.5625, 9.6875], "texture": "#1"},
				"down": {"uv": [4.75, 9.6875, 4.1875, 10.25], "texture": "#1"}
			}
		},
		{
			"from": [7.66267, 0.5, 1.83333],
			"to": [9.66267, 11.5, 12.83333],
			"rotation": {"angle": 22.5, "axis": "z", "origin": [11.66267, 13, 9.33333]},
			"faces": {
				"north": {"uv": [5.0625, 4.1875, 5.75, 4.3125], "rotation": 270, "texture": "#1"},
				"east": {"uv": [0.6875, 9.0625, 0, 8.375], "rotation": 90, "texture": "#1"},
				"south": {"uv": [6.375, 4, 7.0625, 4.125], "rotation": 90, "texture": "#1"},
				"west": {"uv": [9.0625, 4.75, 8.375, 5.4375], "rotation": 90, "texture": "#1"},
				"up": {"uv": [6.6875, 2.8125, 7.375, 2.9375], "rotation": 90, "texture": "#1"},
				"down": {"uv": [5.5625, 3.0625, 6.25, 3.1875], "rotation": 90, "texture": "#1"}
			}
		},
		{
			"from": [9.66267, 4.5, 5.83333],
			"to": [11.66267, 7.5, 8.83333],
			"rotation": {"angle": 22.5, "axis": "z", "origin": [11.66267, 13, 9.33333]},
			"faces": {
				"north": {"uv": [10.625, 11.4375, 10.8125, 11.5625], "rotation": 270, "texture": "#1"},
				"east": {"uv": [4.3125, 11.625, 4.125, 11.4375], "rotation": 90, "texture": "#1"},
				"south": {"uv": [0.25, 11.5, 0.4375, 11.625], "rotation": 90, "texture": "#1"},
				"west": {"uv": [11.625, 4.3125, 11.4375, 4.5], "rotation": 90, "texture": "#1"},
				"up": {"uv": [0.5, 11.5, 0.6875, 11.625], "rotation": 90, "texture": "#1"},
				"down": {"uv": [10.875, 11.4375, 11.0625, 11.5625], "rotation": 90, "texture": "#1"}
			}
		}
	],
	"display": {
		"thirdperson_righthand": {
			"rotation": [75, 45, 0],
			"translation": [0, 2.5, 0],
			"scale": [0.375, 0.375, 0.375]
		},
		"thirdperson_lefthand": {
			"rotation": [75, 45, 0],
			"translation": [0, 2.5, 0],
			"scale": [0.375, 0.375, 0.375]
		},
		"firstperson_righthand": {
			"rotation": [0, 45, 0],
			"scale": [0.4, 0.4, 0.4]
		},
		"firstperson_lefthand": {
			"rotation": [0, 225, 0],
			"scale": [0.4, 0.4, 0.4]
		},
		"ground": {
			"translation": [0, 3, 0],
			"scale": [0.25, 0.25, 0.25]
		},
		"gui": {
			"rotation": [30, 225, 0],
			"translation": [0, 2, 0],
			"scale": [0.625, 0.625, 0.625]
		},
		"head": {
			"translation": [0, -29.75, 0],
			"scale": [1.6, 1.6, 1.6]
		},
		"fixed": {
			"scale": [0.5, 0.5, 0.5]
		}
	},
	"groups": [
		{
			"name": "group",
			"origin": [-16, 3, 6.92336],
			"color": 0,
			"children": []
		},
		{
			"name": "group",
			"origin": [26.12375, 5, 25],
			"color": 0,
			"children": [
				{
					"name": "group",
					"origin": [44.72624, 7.136, 11.5258],
					"color": 0,
					"children": []
				}
			]
		},
		{
			"name": "group",
			"origin": [26.12375, 5, 25],
			"color": 0,
			"children": [0, 1, 2]
		},
		{
			"name": "group",
			"origin": [26.12375, 5, 25],
			"color": 0,
			"children": []
		},
		{
			"name": "steve",
			"origin": [8, 8, 8],
			"color": 0,
			"children": []
		},
		{
			"name": "group",
			"origin": [0, 0, 0],
			"color": 0,
			"children": []
		},
		{
			"name": "group",
			"origin": [0, 0, 0],
			"color": 0,
			"children": []
		},
		{
			"name": "group",
			"origin": [0, 0, 0],
			"color": 0,
			"children": []
		},
		{
			"name": "group",
			"origin": [0, 0, 0],
			"color": 0,
			"children": []
		}
	]
}