{
"parent":"item/weapon/sub/rev/empty",
"display":{
"firstperson_righthand":{
"rotation":[20.25,0,0],
"translation":[-2.25,19.35,-3]
},
"thirdperson_lefthand":{
"translation":[0,3,-1],
"scale":[0.7,0.7,0.7]
},
"firstperson_lefthand":{
"translation":[-0.75,4.75,-2.25]
},
"thirdperson_righthand":{
"translation":[0,3.5,-3],
"scale":[0.65,0.65,0.65]
},
"ground":{
"translation":[0,9,0]
},
"gui":{
"rotation":[26,143,0],
"translation":[0,4.75,0]
}
},
"adjusted":true,
"groups":[0,1,2,3,4,5,6,7,8,9,10,11,12,13,14,15,16,17,18,19,20,21,22,23,24,25,26,27,28,29,30,31,32,33,34,35,36,37,38,39,40,41,42,43,44,45,46,47,48,49,50,51,52,53,{
"color":0,"children":[],
"origin":[6,12.41421,33.5],
"name":"group"
},
{
"color":0,
"children":[],
"origin":[11,3.59014,20.20895],
"name":"group"
},
{
"color":0,
"children":[54,55,56,57,58,59,60,61],
"origin":[9,6.0887,-18.79068],
"name":"group"
},
{
"color":0,
"children":[62,63,64,65,66,67,68,69,70],
"origin":[7.71329,3.85048,12.05283],
"name":"group"
}]
}