{"file_name":"w_body","texture_size":[256,256],"textures":{"1a22f4f4-c2f7-e250-062c-922887137583":"modelengine:entity/watermonster"},"elements":[{"name":"w_body","from":[1.2910994,2.690383,1.7741661],"to":[14.749027,15.313712,12.623451],"rotation":{"angle":22.5,"axis":"x","origin":[8.020063,5.9787436,14.080238]},"faces":{"down":{"uv":[9.25,4.0625,8.5625,4.625],"rotation":0,"texture":"#1a22f4f4-c2f7-e250-062c-922887137583","tintindex":0},"east":{"uv":[7.3125,4.625,7.875,5.25],"rotation":0,"texture":"#1a22f4f4-c2f7-e250-062c-922887137583","tintindex":0},"north":{"uv":[7.875,4.625,8.5625,5.25],"rotation":0,"texture":"#1a22f4f4-c2f7-e250-062c-922887137583","tintindex":0},"south":{"uv":[9.125,4.625,9.8125,5.25],"rotation":0,"texture":"#1a22f4f4-c2f7-e250-062c-922887137583","tintindex":0},"up":{"uv":[8.5625,4.625,7.875,4.0625],"rotation":0,"texture":"#1a22f4f4-c2f7-e250-062c-922887137583","tintindex":0},"west":{"uv":[8.5625,4.625,9.125,5.25],"rotation":0,"texture":"#1a22f4f4-c2f7-e250-062c-922887137583","tintindex":0}}},{"name":"w_body","from":[1.7083998,8.047483,-1.4239182],"to":[14.331728,18.636728,7.025366],"rotation":{"angle":0.0,"axis":"x","origin":[8.020063,-6.914057,-8.340671]},"faces":{"down":{"uv":[7.0625,9.625,6.4375,10.0625],"rotation":0,"texture":"#1a22f4f4-c2f7-e250-062c-922887137583","tintindex":0},"east":{"uv":[5.375,10.0625,5.8125,10.5625],"rotation":0,"texture":"#1a22f4f4-c2f7-e250-062c-922887137583","tintindex":0},"north":{"uv":[5.8125,10.0625,6.4375,10.5625],"rotation":0,"texture":"#1a22f4f4-c2f7-e250-062c-922887137583","tintindex":0},"south":{"uv":[6.875,10.0625,7.5,10.5625],"rotation":0,"texture":"#1a22f4f4-c2f7-e250-062c-922887137583","tintindex":0},"up":{"uv":[6.4375,10.0625,5.8125,9.625],"rotation":0,"texture":"#1a22f4f4-c2f7-e250-062c-922887137583","tintindex":0},"west":{"uv":[6.4375,10.0625,6.875,10.5625],"rotation":0,"texture":"#1a22f4f4-c2f7-e250-062c-922887137583","tintindex":0}}},{"name":"w_body","from":[6.0910997,11.075024,16.124199],"to":[9.949028,14.698352,23.373482],"rotation":{"angle":45.0,"axis":"x","origin":[11.620064,11.589488,17.02655]},"faces":{"down":{"uv":[0.75,2.9375,0.5625,3.3125],"rotation":0,"texture":"#1a22f4f4-c2f7-e250-062c-922887137583","tintindex":0},"east":{"uv":[0.0,3.3125,0.375,3.5],"rotation":0,"texture":"#1a22f4f4-c2f7-e250-062c-922887137583","tintindex":0},"north":{"uv":[0.375,3.3125,0.5625,3.5],"rotation":0,"texture":"#1a22f4f4-c2f7-e250-062c-922887137583","tintindex":0},"south":{"uv":[0.9375,3.3125,1.125,3.5],"rotation":0,"texture":"#1a22f4f4-c2f7-e250-062c-922887137583","tintindex":0},"up":{"uv":[0.5625,3.3125,0.375,2.9375],"rotation":0,"texture":"#1a22f4f4-c2f7-e250-062c-922887137583","tintindex":0},"west":{"uv":[0.5625,3.3125,0.9375,3.5],"rotation":0,"texture":"#1a22f4f4-c2f7-e250-062c-922887137583","tintindex":0}}},{"name":"w_body","from":[6.6911,2.3750234,19.424198],"to":[9.349029,6.8983517,21.873482],"rotation":{"angle":-22.5,"axis":"x","origin":[11.020063,11.589488,17.02655]},"faces":{"down":{"uv":[2.0625,1.4375,1.9375,1.5625],"rotation":0,"texture":"#1a22f4f4-c2f7-e250-062c-922887137583","tintindex":0},"east":{"uv":[1.6875,1.5625,1.8125,1.75],"rotation":0,"texture":"#1a22f4f4-c2f7-e250-062c-922887137583","tintindex":0},"north":{"uv":[1.8125,1.5625,1.9375,1.75],"rotation":0,"texture":"#1a22f4f4-c2f7-e250-062c-922887137583","tintindex":0},"south":{"uv":[2.0625,1.5625,2.1875,1.75],"rotation":0,"texture":"#1a22f4f4-c2f7-e250-062c-922887137583","tintindex":0},"up":{"uv":[1.9375,1.5625,1.8125,1.4375],"rotation":0,"texture":"#1a22f4f4-c2f7-e250-062c-922887137583","tintindex":0},"west":{"uv":[1.9375,1.5625,2.0625,1.75],"rotation":0,"texture":"#1a22f4f4-c2f7-e250-062c-922887137583","tintindex":0}}},{"name":"w_body","from":[4.8911,9.487688,10.9976425],"to":[11.149029,14.9110155,18.246927],"rotation":{"angle":22.5,"axis":"x","origin":[11.620064,11.589488,17.02655]},"faces":{"down":{"uv":[8.4375,2.25,8.125,2.625],"rotation":0,"texture":"#1a22f4f4-c2f7-e250-062c-922887137583","tintindex":0},"east":{"uv":[7.4375,2.625,7.8125,2.875],"rotation":0,"texture":"#1a22f4f4-c2f7-e250-062c-922887137583","tintindex":0},"north":{"uv":[7.8125,2.625,8.125,2.875],"rotation":0,"texture":"#1a22f4f4-c2f7-e250-062c-922887137583","tintindex":0},"south":{"uv":[8.5,2.625,8.8125,2.875],"rotation":0,"texture":"#1a22f4f4-c2f7-e250-062c-922887137583","tintindex":0},"up":{"uv":[8.125,2.625,7.8125,2.25],"rotation":0,"texture":"#1a22f4f4-c2f7-e250-062c-922887137583","tintindex":0},"west":{"uv":[8.125,2.625,8.5,2.875],"rotation":0,"texture":"#1a22f4f4-c2f7-e250-062c-922887137583","tintindex":0}}}],"display":{"head":{"translation":[0.0,-6.4,0.0],"rotation":[0.0,0.0,0.0],"scale":[3.8095,3.8095,3.8095]},"gui":{"translation":[0.0,0.0,0.0],"rotation":[35.0,225.0,0.0],"scale":[0.625,0.625,0.625]}}}