{"file_name":"w_chest","texture_size":[256,256],"textures":{"1a22f4f4-c2f7-e250-062c-922887137583":"modelengine:entity/watermonster"},"elements":[{"name":"w_chest","from":[-0.4503286,0.95307827,-16.0],"to":[16.450329,15.976406,6.8492746],"rotation":{"angle":22.5,"axis":"x","origin":[8.0,5.464742,-0.97536135]},"faces":{"down":{"uv":[2.9375,2.3125,2.0625,3.5],"rotation":0,"texture":"#1a22f4f4-c2f7-e250-062c-922887137583","tintindex":0},"east":{"uv":[0.0,3.5,1.1875,4.25],"rotation":0,"texture":"#1a22f4f4-c2f7-e250-062c-922887137583","tintindex":0},"north":{"uv":[1.1875,3.5,2.0625,4.25],"rotation":0,"texture":"#1a22f4f4-c2f7-e250-062c-922887137583","tintindex":0},"south":{"uv":[3.25,3.5,4.125,4.25],"rotation":0,"texture":"#1a22f4f4-c2f7-e250-062c-922887137583","tintindex":0},"up":{"uv":[2.0625,3.5,1.1875,2.3125],"rotation":0,"texture":"#1a22f4f4-c2f7-e250-062c-922887137583","tintindex":0},"west":{"uv":[2.0625,3.5,3.25,4.25],"rotation":0,"texture":"#1a22f4f4-c2f7-e250-062c-922887137583","tintindex":0}}},{"name":"w_chest","from":[1.166708,-3.8240142,-5.659813],"to":[14.833293,5.565242,9.98946],"rotation":{"angle":-22.5,"axis":"x","origin":[8.0,-2.7293868,3.3648229]},"faces":{"down":{"uv":[4.625,5.4375,3.9375,6.25],"rotation":0,"texture":"#1a22f4f4-c2f7-e250-062c-922887137583","tintindex":0},"east":{"uv":[2.4375,6.25,3.25,6.6875],"rotation":0,"texture":"#1a22f4f4-c2f7-e250-062c-922887137583","tintindex":0},"north":{"uv":[3.25,6.25,3.9375,6.6875],"rotation":0,"texture":"#1a22f4f4-c2f7-e250-062c-922887137583","tintindex":0},"south":{"uv":[4.75,6.25,5.4375,6.6875],"rotation":0,"texture":"#1a22f4f4-c2f7-e250-062c-922887137583","tintindex":0},"up":{"uv":[3.9375,6.25,3.25,5.4375],"rotation":0,"texture":"#1a22f4f4-c2f7-e250-062c-922887137583","tintindex":0},"west":{"uv":[3.9375,6.25,4.75,6.6875],"rotation":0,"texture":"#1a22f4f4-c2f7-e250-062c-922887137583","tintindex":0}}},{"name":"w_chest","from":[-4.128449,-3.9651098,-14.062467],"to":[20.128437,19.874474,0.12573504],"rotation":{"angle":-45.0,"axis":"x","origin":[8.6,5.01521,-5.426017]},"faces":{"down":{"uv":[6.625,3.5625,5.375,4.25],"rotation":0,"texture":"#1a22f4f4-c2f7-e250-062c-922887137583","tintindex":0},"east":{"uv":[3.4375,4.25,4.125,5.4375],"rotation":0,"texture":"#1a22f4f4-c2f7-e250-062c-922887137583","tintindex":0},"north":{"uv":[4.125,4.25,5.375,5.4375],"rotation":0,"texture":"#1a22f4f4-c2f7-e250-062c-922887137583","tintindex":0},"south":{"uv":[6.0625,4.25,7.3125,5.4375],"rotation":0,"texture":"#1a22f4f4-c2f7-e250-062c-922887137583","tintindex":0},"up":{"uv":[5.375,4.25,4.125,3.5625],"rotation":0,"texture":"#1a22f4f4-c2f7-e250-062c-922887137583","tintindex":0},"west":{"uv":[5.375,4.25,6.0625,5.4375],"rotation":0,"texture":"#1a22f4f4-c2f7-e250-062c-922887137583","tintindex":0}}},{"name":"w_chest","from":[0.6715517,-0.9651108,-15.2624655],"to":[15.328436,22.874474,2.5257344],"rotation":{"angle":-45.0,"axis":"x","origin":[8.6,5.01521,-5.426017]},"faces":{"down":{"uv":[6.5625,1.4375,5.8125,2.3125],"rotation":0,"texture":"#1a22f4f4-c2f7-e250-062c-922887137583","tintindex":0},"east":{"uv":[4.1875,2.3125,5.0625,3.5],"rotation":0,"texture":"#1a22f4f4-c2f7-e250-062c-922887137583","tintindex":0},"north":{"uv":[5.0625,2.3125,5.8125,3.5],"rotation":0,"texture":"#1a22f4f4-c2f7-e250-062c-922887137583","tintindex":0},"south":{"uv":[6.6875,2.3125,7.4375,3.5],"rotation":0,"texture":"#1a22f4f4-c2f7-e250-062c-922887137583","tintindex":0},"up":{"uv":[5.8125,2.3125,5.0625,1.4375],"rotation":0,"texture":"#1a22f4f4-c2f7-e250-062c-922887137583","tintindex":0},"west":{"uv":[5.8125,2.3125,6.6875,3.5],"rotation":0,"texture":"#1a22f4f4-c2f7-e250-062c-922887137583","tintindex":0}}},{"name":"w_chest","from":[-0.52844834,20.634892,-14.062467],"to":[17.728436,25.274475,0.12573504],"rotation":{"angle":-45.0,"axis":"x","origin":[8.6,5.01521,-5.426017]},"faces":{"down":{"uv":[2.5625,6.6875,1.625,7.375],"rotation":0,"texture":"#1a22f4f4-c2f7-e250-062c-922887137583","tintindex":0},"east":{"uv":[0.0,7.375,0.6875,7.5625],"rotation":0,"texture":"#1a22f4f4-c2f7-e250-062c-922887137583","tintindex":0},"north":{"uv":[0.6875,7.375,1.625,7.5625],"rotation":0,"texture":"#1a22f4f4-c2f7-e250-062c-922887137583","tintindex":0},"south":{"uv":[2.3125,7.375,3.25,7.5625],"rotation":0,"texture":"#1a22f4f4-c2f7-e250-062c-922887137583","tintindex":0},"up":{"uv":[1.625,7.375,0.6875,6.6875],"rotation":0,"texture":"#1a22f4f4-c2f7-e250-062c-922887137583","tintindex":0},"west":{"uv":[1.625,7.375,2.3125,7.5625],"rotation":0,"texture":"#1a22f4f4-c2f7-e250-062c-922887137583","tintindex":0}}},{"name":"w_chest","from":[-0.37844825,19.43489,-4.4624653],"to":[16.378437,23.174477,9.725735],"rotation":{"angle":-45.0,"axis":"x","origin":[8.45,5.01521,-5.426017]},"faces":{"down":{"uv":[6.25,6.3125,7.0625,7.0],"rotation":0,"texture":"#1a22f4f4-c2f7-e250-062c-922887137583","tintindex":0},"east":{"uv":[6.9375,7.0,6.25,7.1875],"rotation":0,"texture":"#1a22f4f4-c2f7-e250-062c-922887137583","tintindex":0},"north":{"uv":[6.25,7.0,5.4375,7.1875],"rotation":0,"texture":"#1a22f4f4-c2f7-e250-062c-922887137583","tintindex":0},"south":{"uv":[7.75,7.0,6.9375,7.1875],"rotation":0,"texture":"#1a22f4f4-c2f7-e250-062c-922887137583","tintindex":0},"up":{"uv":[5.4375,7.0,6.25,6.3125],"rotation":0,"texture":"#1a22f4f4-c2f7-e250-062c-922887137583","tintindex":0},"west":{"uv":[5.4375,7.0,4.75,7.1875],"rotation":0,"texture":"#1a22f4f4-c2f7-e250-062c-922887137583","tintindex":0}}},{"name":"w_chest","from":[0.0715518,20.334892,-6.5624657],"to":[15.928436,24.074474,6.4257355],"rotation":{"angle":-22.5,"axis":"x","origin":[7.4,5.01521,-5.426017]},"faces":{"down":{"uv":[7.0,6.3125,6.1875,6.9375],"rotation":0,"texture":"#1a22f4f4-c2f7-e250-062c-922887137583","tintindex":0},"east":{"uv":[4.75,6.9375,5.375,7.125],"rotation":0,"texture":"#1a22f4f4-c2f7-e250-062c-922887137583","tintindex":0},"north":{"uv":[5.375,6.9375,6.1875,7.125],"rotation":0,"texture":"#1a22f4f4-c2f7-e250-062c-922887137583","tintindex":0},"south":{"uv":[6.8125,6.9375,7.625,7.125],"rotation":0,"texture":"#1a22f4f4-c2f7-e250-062c-922887137583","tintindex":0},"up":{"uv":[6.1875,6.9375,5.375,6.3125],"rotation":0,"texture":"#1a22f4f4-c2f7-e250-062c-922887137583","tintindex":0},"west":{"uv":[6.1875,6.9375,6.8125,7.125],"rotation":0,"texture":"#1a22f4f4-c2f7-e250-062c-922887137583","tintindex":0}}},{"name":"w_chest","from":[0.37155175,18.834892,-12.562467],"to":[15.628436,22.574474,1.625735],"rotation":{"angle":0.0,"axis":"x","origin":[8.0,-13.057715,-1.5896297]},"faces":{"down":{"uv":[4.75,7.1875,4.0,7.875],"rotation":0,"texture":"#1a22f4f4-c2f7-e250-062c-922887137583","tintindex":0},"east":{"uv":[2.5625,7.875,3.25,8.0625],"rotation":0,"texture":"#1a22f4f4-c2f7-e250-062c-922887137583","tintindex":0},"north":{"uv":[3.25,7.875,4.0,8.0625],"rotation":0,"texture":"#1a22f4f4-c2f7-e250-062c-922887137583","tintindex":0},"south":{"uv":[4.6875,7.875,5.4375,8.0625],"rotation":0,"texture":"#1a22f4f4-c2f7-e250-062c-922887137583","tintindex":0},"up":{"uv":[4.0,7.875,3.25,7.1875],"rotation":0,"texture":"#1a22f4f4-c2f7-e250-062c-922887137583","tintindex":0},"west":{"uv":[4.0,7.875,4.6875,8.0625],"rotation":0,"texture":"#1a22f4f4-c2f7-e250-062c-922887137583","tintindex":0}}},{"name":"w_chest","from":[0.37155175,13.134891,-2.6624656],"to":[15.628436,16.874474,11.525736],"rotation":{"angle":0.0,"axis":"x","origin":[8.0,-13.057715,-1.5896297]},"faces":{"down":{"uv":[4.75,7.1875,4.0,7.875],"rotation":0,"texture":"#1a22f4f4-c2f7-e250-062c-922887137583","tintindex":0},"east":{"uv":[2.5625,7.875,3.25,8.0625],"rotation":0,"texture":"#1a22f4f4-c2f7-e250-062c-922887137583","tintindex":0},"north":{"uv":[3.25,7.875,4.0,8.0625],"rotation":0,"texture":"#1a22f4f4-c2f7-e250-062c-922887137583","tintindex":0},"south":{"uv":[4.6875,7.875,5.4375,8.0625],"rotation":0,"texture":"#1a22f4f4-c2f7-e250-062c-922887137583","tintindex":0},"up":{"uv":[4.0,7.875,3.25,7.1875],"rotation":0,"texture":"#1a22f4f4-c2f7-e250-062c-922887137583","tintindex":0},