{"file_name":"w_chin","texture_size":[256,256],"textures":{"1a22f4f4-c2f7-e250-062c-922887137583":"modelengine:entity/watermonster"},"elements":[{"name":"w_chin","from":[1.1109917,-3.7035594,10.718526],"to":[14.940572,11.855748,16.359896],"rotation":{"angle":0.0,"axis":"x","origin":[8.025776,-12.524581,36.585682]},"faces":{"down":{"uv":[11.0,9.625,10.3125,9.875],"rotation":0,"texture":"#1a22f4f4-c2f7-e250-062c-922887137583","tintindex":0},"east":{"uv":[9.375,9.875,9.625,10.625],"rotation":0,"texture":"#1a22f4f4-c2f7-e250-062c-922887137583","tintindex":0},"north":{"uv":[9.625,9.875,10.3125,10.625],"rotation":0,"texture":"#1a22f4f4-c2f7-e250-062c-922887137583","tintindex":0},"south":{"uv":[10.5625,9.875,11.25,10.625],"rotation":0,"texture":"#1a22f4f4-c2f7-e250-062c-922887137583","tintindex":0},"up":{"uv":[10.3125,9.875,9.625,9.625],"rotation":0,"texture":"#1a22f4f4-c2f7-e250-062c-922887137583","tintindex":0},"west":{"uv":[10.3125,9.875,10.5625,10.625],"rotation":0,"texture":"#1a22f4f4-c2f7-e250-062c-922887137583","tintindex":0}}},{"name":"w_chin","from":[11.910993,-4.9035597,16.549782],"to":[14.940572,10.655748,26.99115],"rotation":{"angle":22.5,"axis":"y","origin":[8.769775,7.736857,16.028732]},"faces":{"down":{"uv":[5.375,10.4375,5.25,10.9375],"rotation":0,"texture":"#1a22f4f4-c2f7-e250-062c-922887137583","tintindex":0},"east":{"uv":[4.625,10.9375,5.125,11.6875],"rotation":0,"texture":"#1a22f4f4-c2f7-e250-062c-922887137583","tintindex":0},"north":{"uv":[5.125,10.9375,5.25,11.6875],"rotation":0,"texture":"#1a22f4f4-c2f7-e250-062c-922887137583","tintindex":0},"south":{"uv":[5.75,10.9375,5.875,11.6875],"rotation":0,"texture":"#1a22f4f4-c2f7-e250-062c-922887137583","tintindex":0},"up":{"uv":[5.25,10.9375,5.125,10.4375],"rotation":0,"texture":"#1a22f4f4-c2f7-e250-062c-922887137583","tintindex":0},"west":{"uv":[5.25,10.9375,5.75,11.6875],"rotation":0,"texture":"#1a22f4f4-c2f7-e250-062c-922887137583","tintindex":0}}},{"name":"w_chin","from":[1.1109917,-4.9035597,16.549782],"to":[4.140572,10.655748,26.99115],"rotation":{"angle":-22.5,"axis":"y","origin":[7.281776,7.736857,16.028732]},"faces":{"down":{"uv":[4.125,10.4375,4.0,10.9375],"rotation":0,"texture":"#1a22f4f4-c2f7-e250-062c-922887137583","tintindex":0},"east":{"uv":[3.375,10.9375,3.875,11.6875],"rotation":0,"texture":"#1a22f4f4-c2f7-e250-062c-922887137583","tintindex":0},"north":{"uv":[3.875,10.9375,4.0,11.6875],"rotation":0,"texture":"#1a22f4f4-c2f7-e250-062c-922887137583","tintindex":0},"south":{"uv":[4.5,10.9375,4.625,11.6875],"rotation":0,"texture":"#1a22f4f4-c2f7-e250-062c-922887137583","tintindex":0},"up":{"uv":[4.0,10.9375,3.875,10.4375],"rotation":0,"texture":"#1a22f4f4-c2f7-e250-062c-922887137583","tintindex":0},"west":{"uv":[4.0,10.9375,4.5,11.6875],"rotation":0,"texture":"#1a22f4f4-c2f7-e250-062c-922887137583","tintindex":0}}},{"name":"w_chin","from":[3.8109918,-5.20356,10.849783],"to":[12.240572,16.355747,15.29115],"rotation":{"angle":0.0,"axis":"x","origin":[8.025776,-12.524581,36.585682]},"faces":{"down":{"uv":[11.125,4.625,10.5625,4.8125],"rotation":0,"texture":"#1a22f4f4-c2f7-e250-062c-922887137583","tintindex":0},"east":{"uv":[9.8125,4.8125,10.0,5.875],"rotation":0,"texture":"#1a22f4f4-c2f7-e250-062c-922887137583","tintindex":0},"north":{"uv":[10.0,4.8125,10.5625,5.875],"rotation":0,"texture":"#1a22f4f4-c2f7-e250-062c-922887137583","tintindex":0},"south":{"uv":[10.75,4.8125,11.3125,5.875],"rotation":0,"texture":"#1a22f4f4-c2f7-e250-062c-922887137583","tintindex":0},"up":{"uv":[10.5625,4.8125,10.0,4.625],"rotation":0,"texture":"#1a22f4f4-c2f7-e250-062c-922887137583","tintindex":0},"west":{"uv":[10.5625,4.8125,10.75,5.875],"rotation":0,"texture":"#1a22f4f4-c2f7-e250-062c-922887137583","tintindex":0}}},{"name":"w_chin","from":[2.2945879,-4.9035597,13.249783],"to":[13.756976,-2.2442522,24.891151],"rotation":{"angle":22.5,"axis":"x","origin":[8.009373,-4.9239006,13.070468]},"faces":{"down":{"uv":[11.25,8.4375,10.6875,9.0],"rotation":0,"texture":"#1a22f4f4-c2f7-e250-062c-922887137583","tintindex":0},"east":{"uv":[9.5625,9.0,10.125,9.125],"rotation":0,"texture":"#1a22f4f4-c2f7-e250-062c-922887137583","tintindex":0},"north":{"uv":[10.125,9.0,10.6875,9.125],"rotation":0,"texture":"#1a22f4f4-c2f7-e250-062c-922887137583","tintindex":0},"south":{"uv":[11.25,9.0,11.8125,9.125],"rotation":0,"texture":"#1a22f4f4-c2f7-e250-062c-922887137583","tintindex":0},"up":{"uv":[10.6875,9.0,10.125,8.4375],"rotation":0,"texture":"#1a22f4f4-c2f7-e250-062c-922887137583","tintindex":0},"west":{"uv":[10.6875,9.0,11.25,9.125],"rotation":0,"texture":"#1a22f4f4-c2f7-e250-062c-922887137583","tintindex":0}}},{"name":"w_chin","from":[2.278172,-2.5035605,14.449782],"to":[13.773379,0.15574765,26.091152],"rotation":{"angle":45.0,"axis":"x","origin":[7.992968,-4.9239006,13.070468]},"faces":{"down":{"uv":[1.6875,1.4375,1.125,2.0],"rotation":0,"texture":"#1a22f4f4-c2f7-e250-062c-922887137583","tintindex":0},"east":{"uv":[0.0,2.0,0.5625,2.125],"rotation":0,"texture":"#1a22f4f4-c2f7-e250-062c-922887137583","tintindex":0},"north":{"uv":[0.5625,2.0,1.125,2.125],"rotation":0,"texture":"#1a22f4f4-c2f7-e250-062c-922887137583","tintindex":0},"south":{"uv":[1.6875,2.0,2.25,2.125],"rotation":0,"texture":"#1a22f4f4-c2f7-e250-062c-922887137583","tintindex":0},"up":{"uv":[1.125,2.0,0.5625,1.4375],"rotation":0,"texture":"#1a22f4f4-c2f7-e250-062c-922887137583","tintindex":0},"west":{"uv":[1.125,2.0,1.6875,2.125],"rotation":0,"texture":"#1a22f4f4-c2f7-e250-062c-922887137583","tintindex":0}}},{"name":"w_chin","from":[4.710992,-2.2035608,9.649782],"to":[11.340572,8.555748,11.69115],"rotation":{"angle":0.0,"axis":"x","origin":[8.025776,-12.524581,36.585682]},"faces":{"down":{"uv":[2.0625,9.0,1.75,9.0625],"rotation":0,"texture":"#1a22f4f4-c2f7-e250-062c-922887137583","tintindex":0},"east":{"uv":[1.375,9.0625,1.4375,9.5625],"rotation":0,"texture":"#1a22f4f4-c2f7-e250-062c-922887137583","tintindex":0},"north":{"uv":[1.4375,9.0625,1.75,9.5625],"rotation":0,"texture":"#1a22f4f4-c2f7-e250-062c-922887137583","tintindex":0},"south":{"uv":[1.8125,9.0625,2.125,9.5625],"rotation":0,"texture":"#1a22f4f4-c2f7-e250-062c-922887137583","tintindex":0},"up":{"uv":[1.75,9.0625,1.4375,9.0],"rotation":0,"texture":"#1a22f4f4-c2f7-e250-062c-922887137583","tintindex":0},"west":{"uv":[1.75,9.0625,1.8125,9.5625],"rotation":0,"texture":"#1a22f4f4-c2f7-e250-062c-922887137583","tintindex":0}}},{"name":"w_chin","from":[2.6257758,-3.7035594,6.9497824],"to":[13.4257765,5.855748,10.79115],"rotation":{"angle":0.0,"axis":"x","origin":[8.025776,-12.524581,36.585682]},"faces":{"down":{"uv":[5.9375,5.4375,5.375,5.625],"rotation":0,"texture":"#1a22f4f4-c2f7-e250-062c-922887137583","tintindex":0},"east":{"uv":[4.625,5.625,4.8125,6.0625],"rotation":0,"texture":"#1a22f4f4-c2f7-e250-062c-922887137583","tintindex":0},"north":{"uv":[4.8125,5.625,5.375,6.0625],"rotation":0,"texture":"#1a22f4f4-c2f7-e250-062c-922887137583","tintindex":0},"south":{"uv":[5.5625,5.625,6.125,6.0625],"rotation":0,"texture":"#1a22f4f4-c2f7-e250-062c-922887137583","tintindex":0},"up":{"uv":[5.375,5.625,4.8125,5.4375],"rotation":0,"texture":"#1a22f4f4-c2f7-e250-062c-922887137583","tintindex":0},"west":{"uv":[5.375,5.625,5.5625,6.0625],"rotation":0,"texture":"#1a22f4f4-c2f7-e250-062c-922887137583","tintindex":0}}}],"display":{"head":{"translation":[0.0,-6.4,0.0],"rotation":[0.0,0.0,0.0],"scale":[3.8095,3.8095,3.8095]},"gui":{"translation":[0.0,0.0,0.0],"rotation":[35.0,225.0,0.0],"scale":[0.625,0.625,0.625]}}}