{"file_name":"w_left_hand","texture_size":[256,256],"textures":{"1a22f4f4-c2f7-e250-062c-922887137583":"modelengine:entity/watermonster"},"elements":[{"name":"w_left_hand","from":[4.054903,7.0817766,7.9163485],"to":[14.074904,11.701777,12.104348],"rotation":{"angle":22.5,"axis":"x","origin":[9.584,12.733777,3.1883473]},"faces":{"down":{"uv":[2.9375,5.8125,2.4375,6.0],"rotation":0,"texture":"#1a22f4f4-c2f7-e250-062c-922887137583","tintindex":0},"east":{"uv":[1.75,6.0,1.9375,6.1875],"rotation":0,"texture":"#1a22f4f4-c2f7-e250-062c-922887137583","tintindex":0},"north":{"uv":[1.9375,6.0,2.4375,6.1875],"rotation":0,"texture":"#1a22f4f4-c2f7-e250-062c-922887137583","tintindex":0},"south":{"uv":[2.625,6.0,3.125,6.1875],"rotation":0,"texture":"#1a22f4f4-c2f7-e250-062c-922887137583","tintindex":0},"up":{"uv":[2.4375,6.0,1.9375,5.8125],"rotation":0,"texture":"#1a22f4f4-c2f7-e250-062c-922887137583","tintindex":0},"west":{"uv":[2.4375,6.0,2.625,6.1875],"rotation":0,"texture":"#1a22f4f4-c2f7-e250-062c-922887137583","tintindex":0}}},{"name":"w_left_hand","from":[3.84866,4.681777,9.416348],"to":[14.16866,11.101777,13.904348],"rotation":{"angle":45.0,"axis":"x","origin":[9.584,12.733777,3.1883473]},"faces":{"down":{"uv":[9.625,0.8125,9.125,1.0],"rotation":0,"texture":"#1a22f4f4-c2f7-e250-062c-922887137583","tintindex":0},"east":{"uv":[8.4375,1.0,8.625,1.3125],"rotation":0,"texture":"#1a22f4f4-c2f7-e250-062c-922887137583","tintindex":0},"north":{"uv":[8.625,1.0,9.125,1.3125],"rotation":0,"texture":"#1a22f4f4-c2f7-e250-062c-922887137583","tintindex":0},"south":{"uv":[9.3125,1.0,9.8125,1.3125],"rotation":0,"texture":"#1a22f4f4-c2f7-e250-062c-922887137583","tintindex":0},"up":{"uv":[9.125,1.0,8.625,0.8125],"rotation":0,"texture":"#1a22f4f4-c2f7-e250-062c-922887137583","tintindex":0},"west":{"uv":[9.125,1.0,9.3125,1.3125],"rotation":0,"texture":"#1a22f4f4-c2f7-e250-062c-922887137583","tintindex":0}}},{"name":"w_left_hand","from":[4.5638723,-3.092651,1.2907281],"to":[6.3278713,0.50734854,3.282728],"rotation":{"angle":0.0,"axis":"x","origin":[25.580002,12.636877,16.259972]},"faces":{"down":{"uv":[4.125,2.3125,4.0625,2.375],"rotation":0,"texture":"#1a22f4f4-c2f7-e250-062c-922887137583","tintindex":0},"east":{"uv":[3.9375,2.375,4.0,2.5625],"rotation":0,"texture":"#1a22f4f4-c2f7-e250-062c-922887137583","tintindex":0},"north":{"uv":[4.0,2.375,4.0625,2.5625],"rotation":0,"texture":"#1a22f4f4-c2f7-e250-062c-922887137583","tintindex":0},"south":{"uv":[4.125,2.375,4.1875,2.5625],"rotation":0,"texture":"#1a22f4f4-c2f7-e250-062c-922887137583","tintindex":0},"up":{"uv":[4.0625,2.375,4.0,2.3125],"rotation":0,"texture":"#1a22f4f4-c2f7-e250-062c-922887137583","tintindex":0},"west":{"uv":[4.0625,2.375,4.125,2.5625],"rotation":0,"texture":"#1a22f4f4-c2f7-e250-062c-922887137583","tintindex":0}}},{"name":"w_left_hand","from":[8.463871,-3.092651,1.2907281],"to":[10.227872,0.50734854,3.282728],"rotation":{"angle":0.0,"axis":"x","origin":[25.580002,12.636877,16.259972]},"faces":{"down":{"uv":[3.125,3.0,3.0625,3.0625],"rotation":0,"texture":"#1a22f4f4-c2f7-e250-062c-922887137583","tintindex":0},"east":{"uv":[2.9375,3.0625,3.0,3.25],"rotation":0,"texture":"#1a22f4f4-c2f7-e250-062c-922887137583","tintindex":0},"north":{"uv":[3.0,3.0625,3.0625,3.25],"rotation":0,"texture":"#1a22f4f4-c2f7-e250-062c-922887137583","tintindex":0},"south":{"uv":[3.125,3.0625,3.1875,3.25],"rotation":0,"texture":"#1a22f4f4-c2f7-e250-062c-922887137583","tintindex":0},"up":{"uv":[3.0625,3.0625,3.0,3.0],"rotation":0,"texture":"#1a22f4f4-c2f7-e250-062c-922887137583","tintindex":0},"west":{"uv":[3.0625,3.0625,3.125,3.25],"rotation":0,"texture":"#1a22f4f4-c2f7-e250-062c-922887137583","tintindex":0}}},{"name":"w_left_hand","from":[12.063871,-3.092651,1.2907281],"to":[13.827872,0.50734854,3.282728],"rotation":{"angle":0.0,"axis":"x","origin":[25.580002,12.636877,16.259972]},"faces":{"down":{"uv":[3.125,2.3125,3.0625,2.375],"rotation":0,"texture":"#1a22f4f4-c2f7-e250-062c-922887137583","tintindex":0},"east":{"uv":[2.9375,2.375,3.0,2.5625],"rotation":0,"texture":"#1a22f4f4-c2f7-e250-062c-922887137583","tintindex":0},"north":{"uv":[3.0,2.375,3.0625,2.5625],"rotation":0,"texture":"#1a22f4f4-c2f7-e250-062c-922887137583","tintindex":0},"south":{"uv":[3.125,2.375,3.1875,2.5625],"rotation":0,"texture":"#1a22f4f4-c2f7-e250-062c-922887137583","tintindex":0},"up":{"uv":[3.0625,2.375,3.0,2.3125],"rotation":0,"texture":"#1a22f4f4-c2f7-e250-062c-922887137583","tintindex":0},"west":{"uv":[3.0625,2.375,3.125,2.5625],"rotation":0,"texture":"#1a22f4f4-c2f7-e250-062c-922887137583","tintindex":0}}},{"name":"w_left_hand","from":[3.9638724,-0.092651606,1.5907282],"to":[6.9278717,2.3073487,4.782728],"rotation":{"angle":45.0,"axis":"x","origin":[6.4958706,0.9393492,2.2867281]},"faces":{"down":{"uv":[0.375,5.8125,0.25,5.9375],"rotation":0,"texture":"#1a22f4f4-c2f7-e250-062c-922887137583","tintindex":0},"east":{"uv":[0.0,5.9375,0.125,6.0625],"rotation":0,"texture":"#1a22f4f4-c2f7-e250-062c-922887137583","tintindex":0},"north":{"uv":[0.125,5.9375,0.25,6.0625],"rotation":0,"texture":"#1a22f4f4-c2f7-e250-062c-922887137583","tintindex":0},"south":{"uv":[0.375,5.9375,0.5,6.0625],"rotation":0,"texture":"#1a22f4f4-c2f7-e250-062c-922887137583","tintindex":0},"up":{"uv":[0.25,5.9375,0.125,5.8125],"rotation":0,"texture":"#1a22f4f4-c2f7-e250-062c-922887137583","tintindex":0},"west":{"uv":[0.25,5.9375,0.375,6.0625],"rotation":0,"texture":"#1a22f4f4-c2f7-e250-062c-922887137583","tintindex":0}}},{"name":"w_left_hand","from":[7.8638716,-0.092651606,1.5907282],"to":[10.827871,2.3073487,4.782728],"rotation":{"angle":45.0,"axis":"x","origin":[6.4958706,0.9393492,2.2867281]},"faces":{"down":{"uv":[1.0625,2.125,0.9375,2.25],"rotation":0,"texture":"#1a22f4f4-c2f7-e250-062c-922887137583","tintindex":0},"east":{"uv":[0.6875,2.25,0.8125,2.375],"rotation":0,"texture":"#1a22f4f4-c2f7-e250-062c-922887137583","tintindex":0},"north":{"uv":[0.8125,2.25,0.9375,2.375],"rotation":0,"texture":"#1a22f4f4-c2f7-e250-062c-922887137583","tintindex":0},"south":{"uv":[1.0625,2.25,1.1875,2.375],"rotation":0,"texture":"#1a22f4f4-c2f7-e250-062c-922887137583","tintindex":0},"up":{"uv":[0.9375,2.25,0.8125,2.125],"rotation":0,"texture":"#1a22f4f4-c2f7-e250-062c-922887137583","tintindex":0},"west":{"uv":[0.9375,2.25,1.0625,2.375],"rotation":0,"texture":"#1a22f4f4-c2f7-e250-062c-922887137583","tintindex":0}}},{"name":"w_left_hand","from":[11.463872,-0.092651606,1.5907282],"to":[14.427872,2.3073487,4.782728],"rotation":{"angle":45.0,"axis":"x","origin":[6.4958706,0.9393492,2.2867281]},"faces":{"down":{"uv":[2.0625,1.75,1.9375,1.875],"rotation":0,"texture":"#1a22f4f4-c2f7-e250-062c-922887137583","tintindex":0},"east":{"uv":[1.6875,1.875,1.8125,2.0],"rotation":0,"texture":"#1a22f4f4-c2f7-e250-062c-922887137583","tintindex":0},"north":{"uv":[1.8125,1.875,1.9375,2.0],"rotation":0,"texture":"#1a22f4f4-c2f7-e250-062c-922887137583","tintindex":0},"south":{"uv":[2.0625,1.875,2.1875,2.0],"rotation":0,"texture":"#1a22f4f4-c2f7-e250-062c-922887137583","tintindex":0},"up":{"uv":[1.9375,1.875,1.8125,1.75],"rotation":0,"texture":"#1a22f4f4-c2f7-e250-062c-922887137583","tintindex":0},"west":{"uv":[1.9375,1.875,2.0625,2.0],"rotation":0,"texture":"#1a22f4f4-c2f7-e250-062c-922887137583","tintindex":0}}},{"name":"w_left_hand","from":[12.663872,5.007349,0.390728],"to":[15.627872,9.80735,3.582728],"rotation":{"angle":45.0,"axis":"x","origin":[8.895871,0.9393492,2.2867281]},"faces":{"down":{"uv":[0.375,1.4375,0.25,1.5625],"rotation":0,"texture":"#1a22f4f4-c2f7-e250-062c-922887137583","tintindex":0},"east":{"uv":[0.0,1.5625,0.125,1.8125],"rotation":0,"texture":"#1a22f4f4-c2f7-e250-062c-922887137583","tintindex":0},"north":{"uv":[0.125,1.5625,0.25,1.8125],"rotation":0,"texture":"#1a22f4f4-c2f7-e250-062c-922887137583","tintindex":0},"south":{"uv":[0.375,1.5625,0.5,1.8125],"rotation":0,"texture":"#1a22f4f4-c2f7-e250-062c-922887137583","tintindex":0},"up":{"uv":[0.25,1.5625,0.125,1.4375],"rotation":0,