{"file_name":"w_left_leg_a","texture_size":[256,256],"textures":{"1a22f4f4-c2f7-e250-062c-922887137583":"modelengine:entity/watermonster"},"elements":[{"name":"w_left_leg_a","from":[0.7999997,-1.4464002,2.789546],"to":[9.2,11.7536,12.389546],"rotation":{"angle":0.0,"axis":"x","origin":[15.2,-13.446401,-8.010454]},"faces":{"down":{"uv":[4.875,9.25,4.4375,9.75],"rotation":0,"texture":"#1a22f4f4-c2f7-e250-062c-922887137583","tintindex":0},"east":{"uv":[3.5,9.75,4.0,10.4375],"rotation":0,"texture":"#1a22f4f4-c2f7-e250-062c-922887137583","tintindex":0},"north":{"uv":[4.0,9.75,4.4375,10.4375],"rotation":0,"texture":"#1a22f4f4-c2f7-e250-062c-922887137583","tintindex":0},"south":{"uv":[4.9375,9.75,5.375,10.4375],"rotation":0,"texture":"#1a22f4f4-c2f7-e250-062c-922887137583","tintindex":0},"up":{"uv":[4.4375,9.75,4.0,9.25],"rotation":0,"texture":"#1a22f4f4-c2f7-e250-062c-922887137583","tintindex":0},"west":{"uv":[4.4375,9.75,4.9375,10.4375],"rotation":0,"texture":"#1a22f4f4-c2f7-e250-062c-922887137583","tintindex":0}}},{"name":"w_left_leg_a","from":[0.035359144,-4.0250564,3.8521574],"to":[8.43536,3.1749442,15.852158],"rotation":{"angle":22.5,"axis":"x","origin":[5.643356,-0.05304408,8.052315]},"faces":{"down":{"uv":[7.4375,8.625,7.0,9.25],"rotation":0,"texture":"#1a22f4f4-c2f7-e250-062c-922887137583","tintindex":0},"east":{"uv":[5.9375,9.25,6.5625,9.625],"rotation":0,"texture":"#1a22f4f4-c2f7-e250-062c-922887137583","tintindex":0},"north":{"uv":[6.5625,9.25,7.0,9.625],"rotation":0,"texture":"#1a22f4f4-c2f7-e250-062c-922887137583","tintindex":0},"south":{"uv":[7.625,9.25,8.0625,9.625],"rotation":0,"texture":"#1a22f4f4-c2f7-e250-062c-922887137583","tintindex":0},"up":{"uv":[7.0,9.25,6.5625,8.625],"rotation":0,"texture":"#1a22f4f4-c2f7-e250-062c-922887137583","tintindex":0},"west":{"uv":[7.0,9.25,7.625,9.625],"rotation":0,"texture":"#1a22f4f4-c2f7-e250-062c-922887137583","tintindex":0}}}],"display":{"head":{"translation":[0.0,-6.4,0.0],"rotation":[0.0,0.0,0.0],"scale":[3.8095,3.8095,3.8095]},"gui":{"translation":[0.0,0.0,0.0],"rotation":[35.0,225.0,0.0],"scale":[0.625,0.625,0.625]}}}