{"file_name":"w_left_foot","texture_size":[256,256],"textures":{"1a22f4f4-c2f7-e250-062c-922887137583":"modelengine:entity/watermonster"},"elements":[{"name":"w_left_foot","from":[4.054903,7.293909,8.128479],"to":[14.074904,11.913909,12.31648],"rotation":{"angle":22.5,"axis":"x","origin":[9.584,12.945909,3.4004798]},"faces":{"down":{"uv":[2.9375,5.8125,2.4375,6.0],"rotation":0,"texture":"#1a22f4f4-c2f7-e250-062c-922887137583","tintindex":0},"east":{"uv":[1.75,6.0,1.9375,6.1875],"rotation":0,"texture":"#1a22f4f4-c2f7-e250-062c-922887137583","tintindex":0},"north":{"uv":[1.9375,6.0,2.4375,6.1875],"rotation":0,"texture":"#1a22f4f4-c2f7-e250-062c-922887137583","tintindex":0},"south":{"uv":[2.625,6.0,3.125,6.1875],"rotation":0,"texture":"#1a22f4f4-c2f7-e250-062c-922887137583","tintindex":0},"up":{"uv":[2.4375,6.0,1.9375,5.8125],"rotation":0,"texture":"#1a22f4f4-c2f7-e250-062c-922887137583","tintindex":0},"west":{"uv":[2.4375,6.0,2.625,6.1875],"rotation":0,"texture":"#1a22f4f4-c2f7-e250-062c-922887137583","tintindex":0}}},{"name":"w_left_foot","from":[3.848659,4.893909,9.628479],"to":[14.16866,11.31391,14.116479],"rotation":{"angle":45.0,"axis":"x","origin":[9.584,12.945909,3.4004798]},"faces":{"down":{"uv":[9.625,0.8125,9.125,1.0],"rotation":0,"texture":"#1a22f4f4-c2f7-e250-062c-922887137583","tintindex":0},"east":{"uv":[8.4375,1.0,8.625,1.3125],"rotation":0,"texture":"#1a22f4f4-c2f7-e250-062c-922887137583","tintindex":0},"north":{"uv":[8.625,1.0,9.125,1.3125],"rotation":0,"texture":"#1a22f4f4-c2f7-e250-062c-922887137583","tintindex":0},"south":{"uv":[9.3125,1.0,9.8125,1.3125],"rotation":0,"texture":"#1a22f4f4-c2f7-e250-062c-922887137583","tintindex":0},"up":{"uv":[9.125,1.0,8.625,0.8125],"rotation":0,"texture":"#1a22f4f4-c2f7-e250-062c-922887137583","tintindex":0},"west":{"uv":[9.125,1.0,9.3125,1.3125],"rotation":0,"texture":"#1a22f4f4-c2f7-e250-062c-922887137583","tintindex":0}}},{"name":"w_left_foot","from":[4.5638714,-2.8805199,1.5028592],"to":[6.3278713,0.7194803,3.4948592],"rotation":{"angle":0.0,"axis":"x","origin":[20.48,4.8987327,-13.899322]},"faces":{"down":{"uv":[4.125,2.3125,4.0625,2.375],"rotation":0,"texture":"#1a22f4f4-c2f7-e250-062c-922887137583","tintindex":0},"east":{"uv":[3.9375,2.375,4.0,2.5625],"rotation":0,"texture":"#1a22f4f4-c2f7-e250-062c-922887137583","tintindex":0},"north":{"uv":[4.0,2.375,4.0625,2.5625],"rotation":0,"texture":"#1a22f4f4-c2f7-e250-062c-922887137583","tintindex":0},"south":{"uv":[4.125,2.375,4.1875,2.5625],"rotation":0,"texture":"#1a22f4f4-c2f7-e250-062c-922887137583","tintindex":0},"up":{"uv":[4.0625,2.375,4.0,2.3125],"rotation":0,"texture":"#1a22f4f4-c2f7-e250-062c-922887137583","tintindex":0},"west":{"uv":[4.0625,2.375,4.125,2.5625],"rotation":0,"texture":"#1a22f4f4-c2f7-e250-062c-922887137583","tintindex":0}}},{"name":"w_left_foot","from":[8.463871,-2.8805199,1.5028592],"to":[10.227872,0.7194803,3.4948592],"rotation":{"angle":0.0,"axis":"x","origin":[20.48,4.8987327,-13.899322]},"faces":{"down":{"uv":[3.125,3.0,3.0625,3.0625],"rotation":0,"texture":"#1a22f4f4-c2f7-e250-062c-922887137583","tintindex":0},"east":{"uv":[2.9375,3.0625,3.0,3.25],"rotation":0,"texture":"#1a22f4f4-c2f7-e250-062c-922887137583","tintindex":0},"north":{"uv":[3.0,3.0625,3.0625,3.25],"rotation":0,"texture":"#1a22f4f4-c2f7-e250-062c-922887137583","tintindex":0},"south":{"uv":[3.125,3.0625,3.1875,3.25],"rotation":0,"texture":"#1a22f4f4-c2f7-e250-062c-922887137583","tintindex":0},"up":{"uv":[3.0625,3.0625,3.0,3.0],"rotation":0,"texture":"#1a22f4f4-c2f7-e250-062c-922887137583","tintindex":0},"west":{"uv":[3.0625,3.0625,3.125,3.25],"rotation":0,"texture":"#1a22f4f4-c2f7-e250-062c-922887137583","tintindex":0}}},{"name":"w_left_foot","from":[12.063871,-2.8805199,1.5028592],"to":[13.827872,0.7194803,3.4948592],"rotation":{"angle":0.0,"axis":"x","origin":[20.48,4.8987327,-13.899322]},"faces":{"down":{"uv":[3.125,2.3125,3.0625,2.375],"rotation":0,"texture":"#1a22f4f4-c2f7-e250-062c-922887137583","tintindex":0},"east":{"uv":[2.9375,2.375,3.0,2.5625],"rotation":0,"texture":"#1a22f4f4-c2f7-e250-062c-922887137583","tintindex":0},"north":{"uv":[3.0,2.375,3.0625,2.5625],"rotation":0,"texture":"#1a22f4f4-c2f7-e250-062c-922887137583","tintindex":0},"south":{"uv":[3.125,2.375,3.1875,2.5625],"rotation":0,"texture":"#1a22f4f4-c2f7-e250-062c-922887137583","tintindex":0},"up":{"uv":[3.0625,2.375,3.0,2.3125],"rotation":0,"texture":"#1a22f4f4-c2f7-e250-062c-922887137583","tintindex":0},"west":{"uv":[3.0625,2.375,3.125,2.5625],"rotation":0,"texture":"#1a22f4f4-c2f7-e250-062c-922887137583","tintindex":0}}},{"name":"w_left_foot","from":[3.9638712,0.11948013,1.8028593],"to":[6.9278717,2.519481,4.994859],"rotation":{"angle":45.0,"axis":"x","origin":[6.4958706,1.1514809,2.4988592]},"faces":{"down":{"uv":[0.375,5.8125,0.25,5.9375],"rotation":0,"texture":"#1a22f4f4-c2f7-e250-062c-922887137583","tintindex":0},"east":{"uv":[0.0,5.9375,0.125,6.0625],"rotation":0,"texture":"#1a22f4f4-c2f7-e250-062c-922887137583","tintindex":0},"north":{"uv":[0.125,5.9375,0.25,6.0625],"rotation":0,"texture":"#1a22f4f4-c2f7-e250-062c-922887137583","tintindex":0},"south":{"uv":[0.375,5.9375,0.5,6.0625],"rotation":0,"texture":"#1a22f4f4-c2f7-e250-062c-922887137583","tintindex":0},"up":{"uv":[0.25,5.9375,0.125,5.8125],"rotation":0,"texture":"#1a22f4f4-c2f7-e250-062c-922887137583","tintindex":0},"west":{"uv":[0.25,5.9375,0.375,6.0625],"rotation":0,"texture":"#1a22f4f4-c2f7-e250-062c-922887137583","tintindex":0}}},{"name":"w_left_foot","from":[7.8638716,0.11948013,1.8028593],"to":[10.827871,2.519481,4.994859],"rotation":{"angle":45.0,"axis":"x","origin":[6.4958706,1.1514809,2.4988592]},"faces":{"down":{"uv":[1.0625,2.125,0.9375,2.25],"rotation":0,"texture":"#1a22f4f4-c2f7-e250-062c-922887137583","tintindex":0},"east":{"uv":[0.6875,2.25,0.8125,2.375],"rotation":0,"texture":"#1a22f4f4-c2f7-e250-062c-922887137583","tintindex":0},"north":{"uv":[0.8125,2.25,0.9375,2.375],"rotation":0,"texture":"#1a22f4f4-c2f7-e250-062c-922887137583","tintindex":0},"south":{"uv":[1.0625,2.25,1.1875,2.375],"rotation":0,"texture":"#1a22f4f4-c2f7-e250-062c-922887137583","tintindex":0},"up":{"uv":[0.9375,2.25,0.8125,2.125],"rotation":0,"texture":"#1a22f4f4-c2f7-e250-062c-922887137583","tintindex":0},"west":{"uv":[0.9375,2.25,1.0625,2.375],"rotation":0,"texture":"#1a22f4f4-c2f7-e250-062c-922887137583","tintindex":0}}},{"name":"w_left_foot","from":[11.463872,0.11948013,1.8028593],"to":[14.427872,2.519481,4.994859],"rotation":{"angle":45.0,"axis":"x","origin":[6.4958706,1.1514809,2.4988592]},"faces":{"down":{"uv":[2.0625,1.75,1.9375,1.875],"rotation":0,"texture":"#1a22f4f4-c2f7-e250-062c-922887137583","tintindex":0},"east":{"uv":[1.6875,1.875,1.8125,2.0],"rotation":0,"texture":"#1a22f4f4-c2f7-e250-062c-922887137583","tintindex":0},"north":{"uv":[1.8125,1.875,1.9375,2.0],"rotation":0,"texture":"#1a22f4f4-c2f7-e250-062c-922887137583","tintindex":0},"south":{"uv":[2.0625,1.875,2.1875,2.0],"rotation":0,"texture":"#1a22f4f4-c2f7-e250-062c-922887137583","tintindex":0},"up":{"uv":[1.9375,1.875,1.8125,1.75],"rotation":0,"texture":"#1a22f4f4-c2f7-e250-062c-922887137583","tintindex":0},"west":{"uv":[1.9375,1.875,2.0625,2.0],"rotation":0,"texture":"#1a22f4f4-c2f7-e250-062c-922887137583","tintindex":0}}}],"display":{"head":{"translation":[0.0,-6.4,0.0],"rotation":[0.0,0.0,0.0],"scale":[3.8095,3.8095,3.8095]},"gui":{"translation":[0.0,0.0,0.0],"rotation":[35.0,225.0,0.0],"scale":[0.625,0.625,0.625]}}}