{"file_name":"w_right_arm_a","texture_size":[256,256],"textures":{"1a22f4f4-c2f7-e250-062c-922887137583":"modelengine:entity/watermonster"},"elements":[{"name":"w_left_arm_a","from":[1.4719996,0.38885522,0.9661691],"to":[11.72,16.756857,14.14217],"rotation":{"angle":-22.5,"axis":"x","origin":[6.8,9.172855,5.358169]},"faces":{"down":{"uv":[1.125,0.0,1.625,0.625],"rotation":0,"texture":"#1a22f4f4-c2f7-e250-062c-922887137583","tintindex":0},"east":{"uv":[1.75,0.625,1.125,1.4375],"rotation":0,"texture":"#1a22f4f4-c2f7-e250-062c-922887137583","tintindex":0},"north":{"uv":[1.125,0.625,0.625,1.4375],"rotation":0,"texture":"#1a22f4f4-c2f7-e250-062c-922887137583","tintindex":0},"south":{"uv":[2.25,0.625,1.75,1.4375],"rotation":0,"texture":"#1a22f4f4-c2f7-e250-062c-922887137583","tintindex":0},"up":{"uv":[0.625,0.625,1.125,0.0],"rotation":0,"texture":"#1a22f4f4-c2f7-e250-062c-922887137583","tintindex":0},"west":{"uv":[0.625,0.625,0.0,1.4375],"rotation":0,"texture":"#1a22f4f4-c2f7-e250-062c-922887137583","tintindex":0}}},{"name":"w_left_arm_a","from":[4.570424,-7.322116,4.3133645],"to":[13.354425,4.2458835,14.825365],"rotation":{"angle":0.0,"axis":"x","origin":[-7.6000004,-8.348044,14.037793]},"faces":{"down":{"uv":[0.9375,9.625,1.375,10.125],"rotation":0,"texture":"#1a22f4f4-c2f7-e250-062c-922887137583","tintindex":0},"east":{"uv":[1.4375,10.125,0.9375,10.6875],"rotation":0,"texture":"#1a22f4f4-c2f7-e250-062c-922887137583","tintindex":0},"north":{"uv":[0.9375,10.125,0.5,10.6875],"rotation":0,"texture":"#1a22f4f4-c2f7-e250-062c-922887137583","tintindex":0},"south":{"uv":[1.875,10.125,1.4375,10.6875],"rotation":0,"texture":"#1a22f4f4-c2f7-e250-062c-922887137583","tintindex":0},"up":{"uv":[0.5,10.125,0.9375,9.625],"rotation":0,"texture":"#1a22f4f4-c2f7-e250-062c-922887137583","tintindex":0},"west":{"uv":[0.5,10.125,0.0,10.6875],"rotation":0,"texture":"#1a22f4f4-c2f7-e250-062c-922887137583","tintindex":0}}}],"display":{"head":{"translation":[0.0,-6.4,0.0],"rotation":[0.0,0.0,0.0],"scale":[3.8095,3.8095,3.8095]},"gui":{"translation":[0.0,0.0,0.0],"rotation":[35.0,225.0,0.0],"scale":[0.625,0.625,0.625]}}}