{"file_name":"w_right_hand","texture_size":[256,256],"textures":{"1a22f4f4-c2f7-e250-062c-922887137583":"modelengine:entity/watermonster"},"elements":[{"name":"w_left_hand","from":[1.9250959,7.0817766,7.9163485],"to":[11.945097,11.701777,12.104348],"rotation":{"angle":22.5,"axis":"x","origin":[6.4160004,12.733777,3.1883473]},"faces":{"down":{"uv":[2.4375,5.8125,2.9375,6.0],"rotation":0,"texture":"#1a22f4f4-c2f7-e250-062c-922887137583","tintindex":0},"east":{"uv":[2.625,6.0,2.4375,6.1875],"rotation":0,"texture":"#1a22f4f4-c2f7-e250-062c-922887137583","tintindex":0},"north":{"uv":[2.4375,6.0,1.9375,6.1875],"rotation":0,"texture":"#1a22f4f4-c2f7-e250-062c-922887137583","tintindex":0},"south":{"uv":[3.125,6.0,2.625,6.1875],"rotation":0,"texture":"#1a22f4f4-c2f7-e250-062c-922887137583","tintindex":0},"up":{"uv":[1.9375,6.0,2.4375,5.8125],"rotation":0,"texture":"#1a22f4f4-c2f7-e250-062c-922887137583","tintindex":0},"west":{"uv":[1.9375,6.0,1.75,6.1875],"rotation":0,"texture":"#1a22f4f4-c2f7-e250-062c-922887137583","tintindex":0}}},{"name":"w_left_hand","from":[1.8313402,4.681777,9.416348],"to":[12.15134,11.101777,13.904348],"rotation":{"angle":45.0,"axis":"x","origin":[6.4160004,12.733777,3.1883473]},"faces":{"down":{"uv":[9.125,0.8125,9.625,1.0],"rotation":0,"texture":"#1a22f4f4-c2f7-e250-062c-922887137583","tintindex":0},"east":{"uv":[9.3125,1.0,9.125,1.3125],"rotation":0,"texture":"#1a22f4f4-c2f7-e250-062c-922887137583","tintindex":0},"north":{"uv":[9.125,1.0,8.625,1.3125],"rotation":0,"texture":"#1a22f4f4-c2f7-e250-062c-922887137583","tintindex":0},"south":{"uv":[9.8125,1.0,9.3125,1.3125],"rotation":0,"texture":"#1a22f4f4-c2f7-e250-062c-922887137583","tintindex":0},"up":{"uv":[8.625,1.0,9.125,0.8125],"rotation":0,"texture":"#1a22f4f4-c2f7-e250-062c-922887137583","tintindex":0},"west":{"uv":[8.625,1.0,8.4375,1.3125],"rotation":0,"texture":"#1a22f4f4-c2f7-e250-062c-922887137583","tintindex":0}}},{"name":"w_left_hand","from":[9.672129,-3.092651,1.2907281],"to":[11.436128,0.50734854,3.282728],"rotation":{"angle":0.0,"axis":"x","origin":[-9.58,12.636877,16.259972]},"faces":{"down":{"uv":[4.0625,2.3125,4.125,2.375],"rotation":0,"texture":"#1a22f4f4-c2f7-e250-062c-922887137583","tintindex":0},"east":{"uv":[4.125,2.375,4.0625,2.5625],"rotation":0,"texture":"#1a22f4f4-c2f7-e250-062c-922887137583","tintindex":0},"north":{"uv":[4.0625,2.375,4.0,2.5625],"rotation":0,"texture":"#1a22f4f4-c2f7-e250-062c-922887137583","tintindex":0},"south":{"uv":[4.1875,2.375,4.125,2.5625],"rotation":0,"texture":"#1a22f4f4-c2f7-e250-062c-922887137583","tintindex":0},"up":{"uv":[4.0,2.375,4.0625,2.3125],"rotation":0,"texture":"#1a22f4f4-c2f7-e250-062c-922887137583","tintindex":0},"west":{"uv":[4.0,2.375,3.9375,2.5625],"rotation":0,"texture":"#1a22f4f4-c2f7-e250-062c-922887137583","tintindex":0}}},{"name":"w_left_hand","from":[5.772128,-3.092651,1.2907281],"to":[7.5361285,0.50734854,3.282728],"rotation":{"angle":0.0,"axis":"x","origin":[-9.58,12.636877,16.259972]},"faces":{"down":{"uv":[3.0625,3.0,3.125,3.0625],"rotation":0,"texture":"#1a22f4f4-c2f7-e250-062c-922887137583","tintindex":0},"east":{"uv":[3.125,3.0625,3.0625,3.25],"rotation":0,"texture":"#1a22f4f4-c2f7-e250-062c-922887137583","tintindex":0},"north":{"uv":[3.0625,3.0625,3.0,3.25],"rotation":0,"texture":"#1a22f4f4-c2f7-e250-062c-922887137583","tintindex":0},"south":{"uv":[3.1875,3.0625,3.125,3.25],"rotation":0,"texture":"#1a22f4f4-c2f7-e250-062c-922887137583","tintindex":0},"up":{"uv":[3.0,3.0625,3.0625,3.0],"rotation":0,"texture":"#1a22f4f4-c2f7-e250-062c-922887137583","tintindex":0},"west":{"uv":[3.0,3.0625,2.9375,3.25],"rotation":0,"texture":"#1a22f4f4-c2f7-e250-062c-922887137583","tintindex":0}}},{"name":"w_left_hand","from":[2.1721282,-3.092651,1.2907281],"to":[3.9361284,0.50734854,3.282728],"rotation":{"angle":0.0,"axis":"x","origin":[-9.58,12.636877,16.259972]},"faces":{"down":{"uv":[3.0625,2.3125,3.125,2.375],"rotation":0,"texture":"#1a22f4f4-c2f7-e250-062c-922887137583","tintindex":0},"east":{"uv":[3.125,2.375,3.0625,2.5625],"rotation":0,"texture":"#1a22f4f4-c2f7-e250-062c-922887137583","tintindex":0},"north":{"uv":[3.0625,2.375,3.0,2.5625],"rotation":0,"texture":"#1a22f4f4-c2f7-e250-062c-922887137583","tintindex":0},"south":{"uv":[3.1875,2.375,3.125,2.5625],"rotation":0,"texture":"#1a22f4f4-c2f7-e250-062c-922887137583","tintindex":0},"up":{"uv":[3.0,2.375,3.0625,2.3125],"rotation":0,"texture":"#1a22f4f4-c2f7-e250-062c-922887137583","tintindex":0},"west":{"uv":[3.0,2.375,2.9375,2.5625],"rotation":0,"texture":"#1a22f4f4-c2f7-e250-062c-922887137583","tintindex":0}}},{"name":"w_left_hand","from":[9.072128,-0.092651606,1.5907282],"to":[12.036128,2.3073487,4.782728],"rotation":{"angle":45.0,"axis":"x","origin":[9.504129,0.9393492,2.2867281]},"faces":{"down":{"uv":[0.25,5.8125,0.375,5.9375],"rotation":0,"texture":"#1a22f4f4-c2f7-e250-062c-922887137583","tintindex":0},"east":{"uv":[0.375,5.9375,0.25,6.0625],"rotation":0,"texture":"#1a22f4f4-c2f7-e250-062c-922887137583","tintindex":0},"north":{"uv":[0.25,5.9375,0.125,6.0625],"rotation":0,"texture":"#1a22f4f4-c2f7-e250-062c-922887137583","tintindex":0},"south":{"uv":[0.5,5.9375,0.375,6.0625],"rotation":0,"texture":"#1a22f4f4-c2f7-e250-062c-922887137583","tintindex":0},"up":{"uv":[0.125,5.9375,0.25,5.8125],"rotation":0,"texture":"#1a22f4f4-c2f7-e250-062c-922887137583","tintindex":0},"west":{"uv":[0.125,5.9375,0.0,6.0625],"rotation":0,"texture":"#1a22f4f4-c2f7-e250-062c-922887137583","tintindex":0}}},{"name":"w_left_hand","from":[5.172128,-0.092651606,1.5907282],"to":[8.136128,2.3073487,4.782728],"rotation":{"angle":45.0,"axis":"x","origin":[9.504129,0.9393492,2.2867281]},"faces":{"down":{"uv":[0.9375,2.125,1.0625,2.25],"rotation":0,"texture":"#1a22f4f4-c2f7-e250-062c-922887137583","tintindex":0},"east":{"uv":[1.0625,2.25,0.9375,2.375],"rotation":0,"texture":"#1a22f4f4-c2f7-e250-062c-922887137583","tintindex":0},"north":{"uv":[0.9375,2.25,0.8125,2.375],"rotation":0,"texture":"#1a22f4f4-c2f7-e250-062c-922887137583","tintindex":0},"south":{"uv":[1.1875,2.25,1.0625,2.375],"rotation":0,"texture":"#1a22f4f4-c2f7-e250-062c-922887137583","tintindex":0},"up":{"uv":[0.8125,2.25,0.9375,2.125],"rotation":0,"texture":"#1a22f4f4-c2f7-e250-062c-922887137583","tintindex":0},"west":{"uv":[0.8125,2.25,0.6875,2.375],"rotation":0,"texture":"#1a22f4f4-c2f7-e250-062c-922887137583","tintindex":0}}},{"name":"w_left_hand","from":[1.572128,-0.092651606,1.5907282],"to":[4.5361285,2.3073487,4.782728],"rotation":{"angle":45.0,"axis":"x","origin":[9.504129,0.9393492,2.2867281]},"faces":{"down":{"uv":[1.9375,1.75,2.0625,1.875],"rotation":0,"texture":"#1a22f4f4-c2f7-e250-062c-922887137583","tintindex":0},"east":{"uv":[2.0625,1.875,1.9375,2.0],"rotation":0,"texture":"#1a22f4f4-c2f7-e250-062c-922887137583","tintindex":0},"north":{"uv":[1.9375,1.875,1.8125,2.0],"rotation":0,"texture":"#1a22f4f4-c2f7-e250-062c-922887137583","tintindex":0},"south":{"uv":[2.1875,1.875,2.0625,2.0],"rotation":0,"texture":"#1a22f4f4-c2f7-e250-062c-922887137583","tintindex":0},"up":{"uv":[1.8125,1.875,1.9375,1.75],"rotation":0,"texture":"#1a22f4f4-c2f7-e250-062c-922887137583","tintindex":0},"west":{"uv":[1.8125,1.875,1.6875,2.0],"rotation":0,"texture":"#1a22f4f4-c2f7-e250-062c-922887137583","tintindex":0}}},{"name":"w_left_hand","from":[0.372128,5.007349,0.390728],"to":[3.3361285,9.80735,3.582728],"rotation":{"angle":45.0,"axis":"x","origin":[7.104129,0.9393492,2.2867281]},"faces":{"down":{"uv":[0.25,1.4375,0.375,1.5625],"rotation":0,"texture":"#1a22f4f4-c2f7-e250-062c-922887137583","tintindex":0},"east":{"uv":[0.375,1.5625,0.25,1.8125],"rotation":0,"texture":"#1a22f4f4-c2f7-e250-062c-922887137583","tintindex":0},"north":{"uv":[0.25,1.5625,0.125,1.8125],"rotation":0,"texture":"#1a22f4f4-c2f7-e250-062c-922887137583","tintindex":0},"south":{"uv":[0.5,1.5625,0.375,1.8125],"rotation":0,"texture":"#1a22f4f4-c2f7-e250-062c-922887137583","tintindex":0},"up":{"uv":[0.125,1.5625,0.25,1.4375],"rotation":0,