{"file_name":"w_right_leg_b","texture_size":[256,256],"textures":{"1a22f4f4-c2f7-e250-062c-922887137583":"modelengine:entity/watermonster"},"elements":[{"name":"w_left_leg_b","from":[6.2433558,0.009559631,5.403651],"to":[13.4433565,9.60956,10.203651],"rotation":{"angle":0.0,"axis":"x","origin":[-1.5566444,-2.239756,-13.873221]},"faces":{"down":{"uv":[0.625,12.625,1.0,12.875],"rotation":0,"texture":"#1a22f4f4-c2f7-e250-062c-922887137583","tintindex":0},"east":{"uv":[0.875,12.875,0.625,13.375],"rotation":0,"texture":"#1a22f4f4-c2f7-e250-062c-922887137583","tintindex":0},"north":{"uv":[0.625,12.875,0.25,13.375],"rotation":0,"texture":"#1a22f4f4-c2f7-e250-062c-922887137583","tintindex":0},"south":{"uv":[1.25,12.875,0.875,13.375],"rotation":0,"texture":"#1a22f4f4-c2f7-e250-062c-922887137583","tintindex":0},"up":{"uv":[0.25,12.875,0.625,12.625],"rotation":0,"texture":"#1a22f4f4-c2f7-e250-062c-922887137583","tintindex":0},"west":{"uv":[0.25,12.875,0.0,13.375],"rotation":0,"texture":"#1a22f4f4-c2f7-e250-062c-922887137583","tintindex":0}}}],"display":{"head":{"translation":[0.0,-6.4,0.0],"rotation":[0.0,0.0,0.0],"scale":[3.8095,3.8095,3.8095]},"gui":{"translation":[0.0,0.0,0.0],"rotation":[35.0,225.0,0.0],"scale":[0.625,0.625,0.625]}}}